{
    "CAM_BACK": [
        [
            0.2876095473766327,
            0.29630613327026367,
            0.28574338555336
        ],
        [
            0.14695942401885986,
            0.14655238389968872,
            0.1642252653837204
        ]
    ],
    "CAM_BACK_RIGHT": [
        [
            0.3090101480484009,
            0.3112329840660095,
            0.2952699363231659
        ],
        [
            0.18053878843784332,
            0.18320025503635406,
            0.21519626677036285
        ]
    ],
    "CAM_FRONT": [
        [
            0.2618679702281952,
            0.26741182804107666,
            0.25867342948913574
        ],
        [
            0.14303404092788696,
            0.14168627560138702,
            0.15716736018657684
        ]
    ],
    "CAM_BACK_LEFT": [
        [
            0.30536386370658875,
            0.3085446357727051,
            0.2895459830760956
        ],
        [
            0.17897039651870728,
            0.18060462176799774,
            0.21198590099811554
        ]
    ],
    "CAM_FRONT_LEFT": [
        [
            0.2766466438770294,
            0.28072017431259155,
            0.26727062463760376
        ],
        [
            0.1581871062517166,
            0.15733270347118378,
            0.18310858309268951
        ]
    ],
    "CAM_FRONT_RIGHT": [
        [
            0.28316229581832886,
            0.2870323657989502,
            0.273723840713501
        ],
        [
            0.1702713668346405,
            0.17208872735500336,
            0.19263781607151031
        ]
    ]
}