{
    "CAM_BACK": [
        [
            0.2876094579696655,
            0.2963061034679413,
            0.2857433557510376
        ],
        [
            0.14695963263511658,
            0.1465524435043335,
            0.16422531008720398
        ]
    ],
    "CAM_BACK_RIGHT": [
        [
            0.30901017785072327,
            0.31123292446136475,
            0.2952698767185211
        ],
        [
            0.18053866922855377,
            0.18320035934448242,
            0.21519629657268524
        ]
    ],
    "CAM_FRONT": [
        [
            0.2774554193019867,
            0.28690147399902344,
            0.28088638186454773
        ],
        [
            0.1132875606417656,
            0.10938099771738052,
            0.1204947754740715
        ]
    ],
    "CAM_BACK_LEFT": [
        [
            0.30536389350891113,
            0.3085446357727051,
            0.28954601287841797
        ],
        [
            0.1789703369140625,
            0.18060466647148132,
            0.21198585629463196
        ]
    ],
    "CAM_FRONT_LEFT": [
        [
            0.2766466438770294,
            0.28072017431259155,
            0.26727068424224854
        ],
        [
            0.1581871062517166,
            0.15733270347118378,
            0.18310841917991638
        ]
    ],
    "CAM_FRONT_RIGHT": [
        [
            0.28316229581832886,
            0.2870323657989502,
            0.273723840713501
        ],
        [
            0.1702713966369629,
            0.17208872735500336,
            0.19263790547847748
        ]
    ]
}