{
    "F120": {
        "camera_matrix": [
            1849.22802734375,
            0,
            1908.1553955078125,
            0,
            1849.22802734375,
            1525.3017578125,
            0,
            0,
            1
        ],
        "distortion_coefficients": [
            0.0023724971206020456,
            -0.020597649653211855,
            0,
            0
        ],
        "lidar2camera": [
            0.0014981465646997094,
            -0.9999319314956665,
            -0.01152549684047699,
            -0.06120741367340088,
            0.007202207576483488,
            0.011535502038896084,
            -0.9999080300331116,
            1.5923535823822021,
            0.9999728798866272,
            0.0014148575719445944,
            0.007218797691166401,
            -2.155268669128418,
            0.0,
            0.0,
            0.0,
            1.0
        ]
    },
    "F30": {
        "camera_matrix": [
            7367.2958984375,
            0,
            2092.127685546875,
            0,
            7367.2958984375,
            1155.6517333984375,
            0,
            0,
            1
        ],
        "distortion_coefficients": [
            0.2814102511297849,
            -3.7008442843201337,
            0,
            0
        ],
        "lidar2camera": [
            -0.007243422791361809,
            -0.9999733567237854,
            -0.00037595213507302105,
            -0.13719862699508667,
            0.01407135184854269,
            0.0002740510681178421,
            -0.9999009370803833,
            1.6048433780670166,
            0.9998745322227478,
            -0.007247569039463997,
            0.014068640768527985,
            -2.089845657348633,
            0.0,
            0.0,
            0.0,
            1.0
        ]
    },
    "LF120": {
        "camera_matrix": [
            1876.302978515625,
            0,
            1909.230712890625,
            0,
            1876.302978515625,
            1498.4422607421875,
            0,
            0,
            1
        ],
        "distortion_coefficients": [
            -0.004166642063929678,
            -0.01418002640624854,
            0,
            0
        ],
        "lidar2camera": [
            0.9231301546096802,
            -0.38439229130744934,
            0.008626376278698444,
            -2.066511869430542,
            0.0026045390404760838,
            -0.016185332089662552,
            -0.9998652338981628,
            1.0165506601333618,
            0.38448020815849304,
            0.9230280518531799,
            -0.013939891010522842,
            -1.8678033351898193,
            0.0,
            0.0,
            0.0,
            1.0
        ]
    },
    "RF120": {
        "camera_matrix": [
            1867.9727783203125,
            0,
            1915.8814697265625,
            0,
            1867.9727783203125,
            1494.47607421875,
            0,
            0,
            1
        ],
        "distortion_coefficients": [
            -0.0012346305796879964,
            -0.016133036062743574,
            0,
            0
        ],
        "lidar2camera": [
            -0.9199463129043579,
            -0.39203745126724243,
            -0.0022239768877625465,
            2.0115818977355957,
            0.0026308863889425993,
            -0.0005006752326153219,
            -0.9999968409538269,
            1.0070667266845703,
            0.3920344114303589,
            -0.9199494123458862,
            0.0014923431444913149,
            -1.9119386672973633,
            0.0,
            0.0,
            0.0,
            1.0
        ]
    },
    "LR70": {
        "camera_matrix": [
            3155.086669921875,
            0,
            1933.89990234375,
            0,
            3155.086669921875,
            1031.8056640625,
            0,
            0,
            1
        ],
        "distortion_coefficients": [
            0.052824090920570124,
            -0.11293110217208342,
            0,
            0
        ],
        "lidar2camera": [
            0.45744699239730835,
            0.8892159461975098,
            -0.006100034806877375,
            -1.9165858030319214,
            0.01320844329893589,
            -0.013653666712343693,
            -0.9998190999031067,
            1.1818994283676147,
            -0.8891385793685913,
            0.45728373527526855,
            -0.017991622909903526,
            1.4455796480178833,
            0.0,
            0.0,
            0.0,
            1.0
        ]
    },
    "RR70": {
        "camera_matrix": [
            3157.693115234375,
            0,
            1933.8995361328125,
            0,
            3157.693115234375,
            1053.259521484375,
            0,
            0,
            1
        ],
        "distortion_coefficients": [
            0.05628517047073695,
            -0.11389959317949595,
            0,
            0
        ],
        "lidar2camera": [
            -0.4828619956970215,
            0.8754933476448059,
            -0.018831772729754448,
            1.9600887298583984,
            0.018896305933594704,
            -0.01108306273818016,
            -0.999760091304779,
            1.1481670141220093,
            -0.8754925727844238,
            -0.4831029772758484,
            -0.011191763915121555,
            1.3390977382659912,
            0.0,
            0.0,
            0.0,
            1.0
        ]
    },
    "R30": {
        "camera_matrix": [
            7332.44287109375,
            0,
            1838.468017578125,
            0,
            7332.44287109375,
            996.1338500976562,
            0,
            0,
            1
        ],
        "distortion_coefficients": [
            0.1912504691167917,
            -2.0020771112188953,
            0,
            0
        ],
        "lidar2camera": [
            0.021666759625077248,
            0.999722957611084,
            -0.00919230468571186,
            -0.2979585528373718,
            -0.01226385310292244,
            -0.00892869383096695,
            -0.999884843826294,
            1.3780704736709595,
            -0.999690055847168,
            0.02177724987268448,
            0.0120671596378088,
            -0.854734480381012,
            0.0,
            0.0,
            0.0,
            1.0
        ]
    },
    "tf_static": {
        "position": {
            "x": 0.7894762,
            "y": 0.0127028700000001,
            "z": 1.947177
        },
        "quaternion": {
            "w": 0.705171409484473,
            "x": -0.0025360496940966,
            "y": -0.00156461799279332,
            "z": 0.70903060841417
        }
    }
}